modelo,hold_accuracy,hold_precision,hold_recall,hold_f1,hold_roc_auc
LogReg,0.5846127601501194,0.6258457374830853,0.5819440075495439,0.6030969845150774,0.6277916704819658
