precision,recall,f1,roc_auc
0.5604321404456448,0.9787735849056604,0.712752254186346,0.6228211728427325
