precision,recall,f1,roc_auc
0.5628415300546448,0.9716981132075472,0.71280276816609,0.6227925900277009
