modelo,cv_test_test_accuracy,cv_test_test_precision,cv_test_test_recall,cv_test_test_f1,cv_test_test_roc_auc,cv_test_test_accuracy_std,cv_test_test_precision_std,cv_test_test_recall_std,cv_test_test_f1_std,cv_test_test_roc_auc_std,hold_accuracy,hold_precision,hold_recall,hold_f1,hold_roc_auc
HGB,0.6012084592145015,0.6287534905487395,0.6732618346620795,0.6432146715003955,0.6525203934643187,0.020040028944745613,0.017387335527370554,0.12854990102172706,0.054621119895334566,0.03489193210729287,0.6224837939269874,0.6249353336782204,0.7599874174268638,0.6858765081618169,0.6591698432817771
LogReg,0.6,0.607912083075983,0.7656449766780244,0.6731716866776091,0.6297608413083238,0.04046985389641176,0.024226984298396488,0.12473125821652421,0.052932347705223745,0.05214991416150109,0.5997952917093142,0.6206197509412106,0.6741113557722554,0.6462605548854041,0.62792263147892
RF,0.6030211480362537,0.6464990987651348,0.6350830753817289,0.6284056316097502,0.6441151095883744,0.03206404631159299,0.04511212277026796,0.14423940592975465,0.0685914145820249,0.0333742689828698,0.6136131013306039,0.6509247027741083,0.6200062912865681,0.6350894151764137,0.6598884873559326
