modelo,n_eval,p_eval,prec@0.5,recall@0.5,f1@0.5,prec@opt,recall@opt,f1@opt,thr_opt
LogReg,769,0.5279583875162549,0.5598290598290598,0.645320197044335,0.5995423340961098,0.5279583875162549,1.0,0.691063829787234,0.14893858813410524
